<?xml version="1.0" encoding="UTF-8"?><environment>
    <bounds>
        <width>50000</width>
        <height>3000</height>
        <step_height>250</step_height>
    </bounds>
    <sky>
        <red>255</red>
        <green>255</green>
        <blue>255</blue>
        <alpha>1</alpha>
        <position>0</position>
    </sky>
    <sky>
        <red>89</red>
        <green>89</green>
        <blue>204</blue>
        <alpha>1</alpha>
        <position>1</position>
    </sky>
    <ground>
        <red>159</red>
        <green>159</green>
        <blue>159</blue>
    </ground>
    <sun>
        <ball_red>255</ball_red>
        <ball_green>255</ball_green>
        <ball_blue>255</ball_blue>
        <ball_size>35</ball_size>
        <haze_red>255</haze_red>
        <haze_green>255</haze_green>
        <haze_blue>0</haze_blue>
        <haze_scale>4</haze_scale>
        <azimuth>6</azimuth>
        <radial>15</radial>
    </sun>
    <flare>
        <red>255</red>
        <green>255</green>
        <blue>255</blue>
        <texture>burst</texture>
        <scale>0.9</scale>
        <position>-1.26</position>
        <intensity>2</intensity>
        <param1>0.5</param1>
        <param2>0.5</param2>
    </flare>
    <flare>
        <red>255</red>
        <green>255</green>
        <blue>255</blue>
        <texture>halo</texture>
        <scale>0.6</scale>
        <position>-0.68</position>
        <intensity>2</intensity>
        <param1>0.5</param1>
        <param2>0.5</param2>
    </flare>
    <flare>
        <red>255</red>
        <green>247</green>
        <blue>242</blue>
        <texture>halo</texture>
        <scale>0.9</scale>
        <position>-0.55</position>
        <intensity>2</intensity>
        <param1>0.5</param1>
        <param2>0.5</param2>
    </flare>
    <flare>
        <red>255</red>
        <green>240</green>
        <blue>249</blue>
        <texture>halo</texture>
        <scale>0.7</scale>
        <position>-0.35</position>
        <intensity>2</intensity>
        <param1>0.5</param1>
        <param2>0.5</param2>
    </flare>
    <flare>
        <red>255</red>
        <green>255</green>
        <blue>255</blue>
        <texture>halo</texture>
        <scale>0.6</scale>
        <position>-0.16</position>
        <intensity>2</intensity>
        <param1>0.5</param1>
        <param2>0.5</param2>
    </flare>
    <flare>
        <red>255</red>
        <green>198</green>
        <blue>198</blue>
        <texture>hexagon</texture>
        <scale>0.5</scale>
        <position>0.2</position>
        <intensity>2</intensity>
        <param1>0.5</param1>
        <param2>0.5</param2>
    </flare>
    <flare>
        <red>193</red>
        <green>255</green>
        <blue>191</blue>
        <texture>hexagon</texture>
        <scale>0.5</scale>
        <position>0.1</position>
        <intensity>2</intensity>
        <param1>0.5</param1>
        <param2>0.5</param2>
    </flare>
    <flare>
        <red>196</red>
        <green>212</green>
        <blue>255</blue>
        <texture>hexagon</texture>
        <scale>0.5</scale>
        <position>0</position>
        <intensity>2</intensity>
        <param1>0.5</param1>
        <param2>0.5</param2>
    </flare>
    <flare>
        <red>255</red>
        <green>255</green>
        <blue>255</blue>
        <texture>halo</texture>
        <scale>0.4</scale>
        <position>0.29</position>
        <intensity>2</intensity>
        <param1>0.5</param1>
        <param2>0.5</param2>
    </flare>
    <flare>
        <red>255</red>
        <green>255</green>
        <blue>255</blue>
        <texture>halo</texture>
        <scale>0.45</scale>
        <position>0.42</position>
        <intensity>2</intensity>
        <param1>0.5</param1>
        <param2>0.5</param2>
    </flare>
    <flare>
        <red>233</red>
        <green>240</green>
        <blue>255</blue>
        <texture>halo</texture>
        <scale>1.5</scale>
        <position>0.75</position>
        <intensity>2</intensity>
        <param1>0.5</param1>
        <param2>0.5</param2>
    </flare>
    <flare>
        <red>255</red>
        <green>255</green>
        <blue>255</blue>
        <texture>rainbow halo</texture>
        <scale>9</scale>
        <position>0.95</position>
        <intensity>2</intensity>
        <param1>0.14</param1>
        <param2>0.14</param2>
    </flare>
    <flare>
        <red>255</red>
        <green>255</green>
        <blue>255</blue>
        <texture>burst</texture>
        <scale>0.9</scale>
        <position>0.77</position>
        <intensity>2</intensity>
        <param1>0.5</param1>
        <param2>0.5</param2>
    </flare>
    <flare>
        <red>255</red>
        <green>240</green>
        <blue>237</blue>
        <texture>halo</texture>
        <scale>1.8</scale>
        <position>1.52</position>
        <intensity>2</intensity>
        <param1>0.5</param1>
        <param2>0.5</param2>
    </flare>
    <flare>
        <red>255</red>
        <green>239</green>
        <blue>230</blue>
        <texture>burst</texture>
        <scale>1.7</scale>
        <position>1.95</position>
        <intensity>2</intensity>
        <param1>0.5</param1>
        <param2>0.5</param2>
    </flare>
    <flare>
        <red>255</red>
        <green>255</green>
        <blue>255</blue>
        <texture>burst</texture>
        <scale>33.1</scale>
        <position>-1</position>
        <intensity>2</intensity>
        <param1>0.15</param1>
        <param2>0.15</param2>
    </flare>
    <clouds layer="low">
        <texture_size>512</texture_size>
        <converage>0.1</converage>
        <dispersal>0.5</dispersal>
        <solidity>0.5</solidity>
        <x_repeat>2</x_repeat>
        <y_repeat>2</y_repeat>
        <body_red>255</body_red>
        <body_green>255</body_green>
        <body_blue>255</body_blue>
        <edge_red>255</edge_red>
        <edge_green>255</edge_green>
        <edge_blue>255</edge_blue>
    </clouds>
    <fog>
        <visibility>8000</visibility>
        <ratio>1</ratio>
        <red>229</red>
        <green>229</green>
        <blue>229</blue>
    </fog>
    <wind>
        <speed>10</speed>
        <direction>45</direction>
    </wind>
</environment>
