﻿<?xml version="1.0" encoding="UTF-8"?><overlays>
    <overlay name="Buenos Aires">
        <image_file>buenos_overlay.jpg</image_file>
        <x_pos>4353.17</x_pos>
        <y_pos>876.808</y_pos>
        <z_pos>-6</z_pos>
        <scale>2.29391</scale>
        <rotation>-7</rotation>
        <visible>true</visible>
        <style>image</style>
        <colour>16777215</colour>
        <meshcolour>11776947</meshcolour>
        <intensity>1.00</intensity>
        <meshintensity>0.40</meshintensity>
        <override>false</override>
    </overlay>
    <overlay name="Constitucion Proyecto">
        <image_file>Constitucion Proyecto.dxf</image_file>
        <x_pos>4429.17</x_pos>
        <y_pos>704.808</y_pos>
        <z_pos>-1</z_pos>
        <scale>0.9997</scale>
        <rotation>-2</rotation>
        <visible>true</visible>
        <style>image</style>
        <colour>16777215</colour>
        <meshcolour>11776947</meshcolour>
        <intensity>1.00</intensity>
        <meshintensity>0.40</meshintensity>
        <override>false</override>
        <layer name="0">
            <visible>true</visible>
            <colour>7</colour>
        </layer>
        <layer name="refugios">
            <visible>true</visible>
            <colour>7</colour>
        </layer>
        <layer name="4040">
            <visible>true</visible>
            <colour>253</colour>
        </layer>
        <layer name="polilis">
            <visible>true</visible>
            <colour>7</colour>
        </layer>
        <layer name="baranda">
            <visible>true</visible>
            <colour>5</colour>
        </layer>
        <layer name="PERFILES">
            <visible>true</visible>
            <colour>4</colour>
        </layer>
        <layer name="00-trenes">
            <visible>true</visible>
            <colour>3</colour>
        </layer>
        <layer name="00-subtes">
            <visible>true</visible>
            <colour>7</colour>
        </layer>
        <layer name="00-AUTOPISTA">
            <visible>true</visible>
            <colour>150</colour>
        </layer>
        <layer name="00-COLUMNAS">
            <visible>true</visible>
            <colour>150</colour>
        </layer>
        <layer name="00-estacion">
            <visible>true</visible>
            <colour>3</colour>
        </layer>
        <layer name="01-sendas">
            <visible>true</visible>
            <colour>252</colour>
        </layer>
        <layer name="ciegos">
            <visible>true</visible>
            <colour>2</colour>
        </layer>
        <layer name="intertraba">
            <visible>true</visible>
            <colour>253</colour>
        </layer>
        <layer name="01-carriles">
            <visible>true</visible>
            <colour>252</colour>
        </layer>
        <layer name="01-cordon1Âªetapa">
            <visible>true</visible>
            <colour>7</colour>
        </layer>
        <layer name="JUNTASDIL">
            <visible>true</visible>
            <colour>191</colour>
        </layer>
        <layer name="HBORDE">
            <visible>true</visible>
            <colour>62</colour>
        </layer>
        <layer name="HPEINADO">
            <visible>true</visible>
            <colour>254</colour>
        </layer>
        <layer name="RAMPAS">
            <visible>true</visible>
            <colour>7</colour>
        </layer>
        <layer name="CERCO">
            <visible>true</visible>
            <colour>130</colour>
        </layer>
        <layer name="hatchblind">
            <visible>true</visible>
            <colour>53</colour>
        </layer>
        <layer name="00-parcela">
            <visible>true</visible>
            <colour>250</colour>
        </layer>
        <layer name="00-entorno-cordon">
            <visible>true</visible>
            <colour>6</colour>
        </layer>
        <layer name="HLISTEL">
            <visible>true</visible>
            <colour>253</colour>
        </layer>
        <layer name="PREMOLDEADO">
            <visible>true</visible>
            <colour>7</colour>
        </layer>
        <layer name="HPREMOLD">
            <visible>true</visible>
            <colour>253</colour>
        </layer>
        <layer name="PLANTA-MUNI">
            <visible>true</visible>
            <colour>-62</colour>
        </layer>
        <layer name="01cordon">
            <visible>true</visible>
            <colour>240</colour>
        </layer>
        <layer name="rej">
            <visible>true</visible>
            <colour>7</colour>
        </layer>
        <layer name="00-linea-municipal">
            <visible>true</visible>
            <colour>150</colour>
        </layer>
        <layer name="p1">
            <visible>true</visible>
            <colour>7</colour>
        </layer>
        <layer name="borde">
            <visible>true</visible>
            <colour>7</colour>
        </layer>
        <layer name="02-cotas proy">
            <visible>true</visible>
            <colour>140</colour>
        </layer>
        <layer name="01-tapas">
            <visible>true</visible>
            <colour>6</colour>
        </layer>
        <layer name="00-semaforos">
            <visible>true</visible>
            <colour>40</colour>
        </layer>
        <layer name="00-iluminacion a mantener">
            <visible>true</visible>
            <colour>6</colour>
        </layer>
        <layer name="limites">
            <visible>true</visible>
            <colour>7</colour>
        </layer>
        <layer name="JUNTASCONTR">
            <visible>true</visible>
            <colour>52</colour>
        </layer>
        <layer name="juntas">
            <visible>true</visible>
            <colour>2</colour>
        </layer>
        <layer name="hatch">
            <visible>true</visible>
            <colour>7</colour>
        </layer>
        <layer name="01ProyiluimMercurio">
            <visible>true</visible>
            <colour>7</colour>
        </layer>
        <layer name="qpolis">
            <visible>true</visible>
            <colour>200</colour>
        </layer>
        <layer name="00-entorno cordon">
            <visible>true</visible>
            <colour>81</colour>
        </layer>
        <layer name="00-entorno lin mun">
            <visible>true</visible>
            <colour>150</colour>
        </layer>
        <layer name="00-equipamiento">
            <visible>true</visible>
            <colour>190</colour>
        </layer>
        <layer name="00-M-entorno cordon">
            <visible>true</visible>
            <colour>152</colour>
        </layer>
        <layer name="01-bordes">
            <visible>true</visible>
            <colour>3</colour>
        </layer>
        <layer name="00-hotel">
            <visible>true</visible>
            <colour>190</colour>
        </layer>
        <layer name="00-pendientes-desagÃ¼es">
            <visible>true</visible>
            <colour>4</colour>
        </layer>
        <layer name="Layer-1">
            <visible>true</visible>
            <colour>7</colour>
        </layer>
        <layer name="hcordon">
            <visible>true</visible>
            <colour>253</colour>
        </layer>
        <layer name="01-cordon">
            <visible>true</visible>
            <colour>240</colour>
        </layer>
        <layer name="00-M-entorno lin mun">
            <visible>true</visible>
            <colour>7</colour>
        </layer>
        <layer name="00-M-linea mun">
            <visible>true</visible>
            <colour>7</colour>
        </layer>
        <layer name="00-M limite cordÃ³n">
            <visible>true</visible>
            <colour>4</colour>
        </layer>
        <layer name="02cotilu">
            <visible>true</visible>
            <colour>40</colour>
        </layer>
        <layer name="01-carpeta asfÃ¡ltica">
            <visible>true</visible>
            <colour>253</colour>
        </layer>
        <layer name="00-cordon a mantener">
            <visible>true</visible>
            <colour>4</colour>
        </layer>
        <layer name="4">
            <visible>true</visible>
            <colour>7</colour>
        </layer>
        <layer name="D- bloque proyecto">
            <visible>true</visible>
            <colour>3</colour>
        </layer>
        <layer name="00 BLOQUE ENTORNO">
            <visible>true</visible>
            <colour>8</colour>
        </layer>
        <layer name="farolas">
            <visible>true</visible>
            <colour>6</colour>
        </layer>
        <layer name="01-regulacion12x3.5">
            <visible>true</visible>
            <colour>250</colour>
        </layer>
        <layer name="01-regulacion">
            <visible>true</visible>
            <colour>27</colour>
        </layer>
        <layer name="SOLADO">
            <visible>true</visible>
            <colour>252</colour>
        </layer>
        <layer name="5">
            <visible>true</visible>
            <colour>252</colour>
        </layer>
        <layer name="30">
            <visible>true</visible>
            <colour>251</colour>
        </layer>
        <layer name="Defpoints">
            <visible>true</visible>
            <colour>7</colour>
        </layer>
        <layer name="01-sendas agreg">
            <visible>true</visible>
            <colour>252</colour>
        </layer>
    </overlay>
</overlays>
