<?xml version="1.0" encoding="UTF-8"?>
<PmxModels>
    <ModelType>
        <SourceFile>DemoModels\proyecto completo.pmx</SourceFile>
        <SourceTypeID>1</SourceTypeID>
        <DrawMode>0</DrawMode>
        <Shaddow>true</Shaddow>
        <LowRange>7500</LowRange>
        <MedRange>20</MedRange>
        <HighRange>40</HighRange>
    </ModelType>
    <ModelType>
        <SourceFile>DemoModels\@Focus.pmx</SourceFile>
        <SourceTypeID>2</SourceTypeID>
        <DrawMode>0</DrawMode>
        <Shaddow>true</Shaddow>
        <LowRange>5000</LowRange>
        <MedRange>20</MedRange>
        <HighRange>10</HighRange>
    </ModelType>
    <ModelType>
        <SourceFile>DemoModels\volvo_taxi.pmx</SourceFile>
        <SourceTypeID>3</SourceTypeID>
        <DrawMode>0</DrawMode>
        <Shaddow>true</Shaddow>
        <LowRange>5000</LowRange>
        <MedRange>20</MedRange>
        <HighRange>10</HighRange>
    </ModelType>
    <ModelType>
        <SourceFile>DemoModels\4.pmx</SourceFile>
        <SourceTypeID>4</SourceTypeID>
        <DrawMode>0</DrawMode>
        <Shaddow>true</Shaddow>
        <LowRange>5000</LowRange>
        <MedRange>20</MedRange>
        <HighRange>10</HighRange>
    </ModelType>
    <ModelType>
        <SourceFile>DemoModels\97.pmx</SourceFile>
        <SourceTypeID>5</SourceTypeID>
        <DrawMode>0</DrawMode>
        <Shaddow>true</Shaddow>
        <LowRange>5000</LowRange>
        <MedRange>20</MedRange>
        <HighRange>10</HighRange>
    </ModelType>
    <ModelType>
        <SourceFile>DemoModels\9.pmx</SourceFile>
        <SourceTypeID>6</SourceTypeID>
        <DrawMode>0</DrawMode>
        <Shaddow>true</Shaddow>
        <LowRange>5000</LowRange>
        <MedRange>20</MedRange>
        <HighRange>10</HighRange>
    </ModelType>
    <ModelType>
        <SourceFile>DemoModels\45.pmx</SourceFile>
        <SourceTypeID>7</SourceTypeID>
        <DrawMode>0</DrawMode>
        <Shaddow>true</Shaddow>
        <LowRange>5000</LowRange>
        <MedRange>20</MedRange>
        <HighRange>10</HighRange>
    </ModelType>
    <ModelType>
        <SourceFile>DemoModels\62.pmx</SourceFile>
        <SourceTypeID>8</SourceTypeID>
        <DrawMode>0</DrawMode>
        <Shaddow>true</Shaddow>
        <LowRange>5000</LowRange>
        <MedRange>20</MedRange>
        <HighRange>10</HighRange>
    </ModelType>
    <ModelType>
        <SourceFile>DemoModels\28.pmx</SourceFile>
        <SourceTypeID>9</SourceTypeID>
        <DrawMode>0</DrawMode>
        <Shaddow>true</Shaddow>
        <LowRange>5000</LowRange>
        <MedRange>20</MedRange>
        <HighRange>10</HighRange>
    </ModelType>
    <ModelType>
        <SourceFile>DemoModels\129.pmx</SourceFile>
        <SourceTypeID>10</SourceTypeID>
        <DrawMode>0</DrawMode>
        <Shaddow>true</Shaddow>
        <LowRange>5000</LowRange>
        <MedRange>20</MedRange>
        <HighRange>10</HighRange>
    </ModelType>
    <ModelType>
        <SourceFile>DemoModels\98.pmx</SourceFile>
        <SourceTypeID>11</SourceTypeID>
        <DrawMode>0</DrawMode>
        <Shaddow>true</Shaddow>
        <LowRange>5000</LowRange>
        <MedRange>20</MedRange>
        <HighRange>10</HighRange>
    </ModelType>
    <ModelType>
        <SourceFile>DemoModels\148.pmx</SourceFile>
        <SourceTypeID>12</SourceTypeID>
        <DrawMode>0</DrawMode>
        <Shaddow>true</Shaddow>
        <LowRange>5000</LowRange>
        <MedRange>20</MedRange>
        <HighRange>10</HighRange>
    </ModelType>
    <ModelType>
        <SourceFile>DemoModels\53.pmx</SourceFile>
        <SourceTypeID>13</SourceTypeID>
        <DrawMode>0</DrawMode>
        <Shaddow>true</Shaddow>
        <LowRange>5000</LowRange>
        <MedRange>20</MedRange>
        <HighRange>10</HighRange>
    </ModelType>
    <ModelType>
        <SourceFile>DemoModels\67.pmx</SourceFile>
        <SourceTypeID>14</SourceTypeID>
        <DrawMode>0</DrawMode>
        <Shaddow>true</Shaddow>
        <LowRange>5000</LowRange>
        <MedRange>20</MedRange>
        <HighRange>10</HighRange>
    </ModelType>
    <ModelType>
        <SourceFile>DemoModels\39.pmx</SourceFile>
        <SourceTypeID>15</SourceTypeID>
        <DrawMode>0</DrawMode>
        <Shaddow>true</Shaddow>
        <LowRange>5000</LowRange>
        <MedRange>20</MedRange>
        <HighRange>10</HighRange>
    </ModelType>
    <ModelType>
        <SourceFile>DemoModels\133.pmx</SourceFile>
        <SourceTypeID>16</SourceTypeID>
        <DrawMode>0</DrawMode>
        <Shaddow>true</Shaddow>
        <LowRange>5000</LowRange>
        <MedRange>20</MedRange>
        <HighRange>10</HighRange>
    </ModelType>
    <ModelType>
        <SourceFile>DemoModels\59.pmx</SourceFile>
        <SourceTypeID>17</SourceTypeID>
        <DrawMode>0</DrawMode>
        <Shaddow>true</Shaddow>
        <LowRange>5000</LowRange>
        <MedRange>20</MedRange>
        <HighRange>10</HighRange>
    </ModelType>
    <ModelType>
        <SourceFile>DemoModels\12.pmx</SourceFile>
        <SourceTypeID>18</SourceTypeID>
        <DrawMode>0</DrawMode>
        <Shaddow>true</Shaddow>
        <LowRange>5000</LowRange>
        <MedRange>20</MedRange>
        <HighRange>10</HighRange>
    </ModelType>
    <ModelType>
        <SourceFile>DemoModels\46.pmx</SourceFile>
        <SourceTypeID>19</SourceTypeID>
        <DrawMode>0</DrawMode>
        <Shaddow>true</Shaddow>
        <LowRange>5000</LowRange>
        <MedRange>20</MedRange>
        <HighRange>10</HighRange>
    </ModelType>
    <ModelType>
        <SourceFile>DemoModels\51.pmx</SourceFile>
        <SourceTypeID>20</SourceTypeID>
        <DrawMode>0</DrawMode>
        <Shaddow>true</Shaddow>
        <LowRange>5000</LowRange>
        <MedRange>20</MedRange>
        <HighRange>10</HighRange>
    </ModelType>
    <ModelType>
        <SourceFile>DemoModels\60.pmx</SourceFile>
        <SourceTypeID>21</SourceTypeID>
        <DrawMode>0</DrawMode>
        <Shaddow>true</Shaddow>
        <LowRange>5000</LowRange>
        <MedRange>20</MedRange>
        <HighRange>10</HighRange>
    </ModelType>
    <ModelType>
        <SourceFile>DemoModels\65.pmx</SourceFile>
        <SourceTypeID>22</SourceTypeID>
        <DrawMode>0</DrawMode>
        <Shaddow>true</Shaddow>
        <LowRange>5000</LowRange>
        <MedRange>20</MedRange>
        <HighRange>10</HighRange>
    </ModelType>
    <ModelType>
        <SourceFile>DemoModels\@Camion Reparto.pmx</SourceFile>
        <SourceTypeID>23</SourceTypeID>
        <DrawMode>0</DrawMode>
        <Shaddow>true</Shaddow>
        <LowRange>5000</LowRange>
        <MedRange>20</MedRange>
        <HighRange>10</HighRange>
    </ModelType>
    <ModelType>
        <SourceFile>DemoModels\79.pmx</SourceFile>
        <SourceTypeID>24</SourceTypeID>
        <DrawMode>0</DrawMode>
        <Shaddow>true</Shaddow>
        <LowRange>5000</LowRange>
        <MedRange>20</MedRange>
        <HighRange>10</HighRange>
    </ModelType>
    <ModelType>
        <SourceFile>DemoModels\84.pmx</SourceFile>
        <SourceTypeID>25</SourceTypeID>
        <DrawMode>0</DrawMode>
        <Shaddow>true</Shaddow>
        <LowRange>5000</LowRange>
        <MedRange>20</MedRange>
        <HighRange>10</HighRange>
    </ModelType>
    <ModelType>
        <SourceFile>DemoModels\168.pmx</SourceFile>
        <SourceTypeID>26</SourceTypeID>
        <DrawMode>0</DrawMode>
        <Shaddow>true</Shaddow>
        <LowRange>5000</LowRange>
        <MedRange>20</MedRange>
        <HighRange>10</HighRange>
    </ModelType>
    <ModelType>
        <SourceFile>DemoModels\91.pmx</SourceFile>
        <SourceTypeID>27</SourceTypeID>
        <DrawMode>0</DrawMode>
        <Shaddow>true</Shaddow>
        <LowRange>5000</LowRange>
        <MedRange>20</MedRange>
        <HighRange>10</HighRange>
    </ModelType>
    <ModelType>
        <SourceFile>DemoModels\96.pmx</SourceFile>
        <SourceTypeID>28</SourceTypeID>
        <DrawMode>0</DrawMode>
        <Shaddow>true</Shaddow>
        <LowRange>5000</LowRange>
        <MedRange>20</MedRange>
        <HighRange>10</HighRange>
    </ModelType>
    <ModelType>
        <SourceFile>DemoModels\100.pmx</SourceFile>
        <SourceTypeID>29</SourceTypeID>
        <DrawMode>0</DrawMode>
        <Shaddow>true</Shaddow>
        <LowRange>5000</LowRange>
        <MedRange>20</MedRange>
        <HighRange>10</HighRange>
    </ModelType>
    <ModelType>
        <SourceFile>DemoModels\102.pmx</SourceFile>
        <SourceTypeID>30</SourceTypeID>
        <DrawMode>0</DrawMode>
        <Shaddow>true</Shaddow>
        <LowRange>5000</LowRange>
        <MedRange>20</MedRange>
        <HighRange>10</HighRange>
    </ModelType>
    <ModelType>
        <SourceFile>DemoModels\143.pmx</SourceFile>
        <SourceTypeID>31</SourceTypeID>
        <DrawMode>0</DrawMode>
        <Shaddow>true</Shaddow>
        <LowRange>5000</LowRange>
        <MedRange>20</MedRange>
        <HighRange>10</HighRange>
    </ModelType>
    <ModelType>
        <SourceFile>DemoModels\151.pmx</SourceFile>
        <SourceTypeID>32</SourceTypeID>
        <DrawMode>0</DrawMode>
        <Shaddow>true</Shaddow>
        <LowRange>5000</LowRange>
        <MedRange>20</MedRange>
        <HighRange>10</HighRange>
    </ModelType>
    <ModelType>
        <SourceFile>DemoModels\@Camion Tipo Serenisima.pmx</SourceFile>
        <SourceTypeID>33</SourceTypeID>
        <DrawMode>0</DrawMode>
        <Shaddow>true</Shaddow>
        <LowRange>5000</LowRange>
        <MedRange>20</MedRange>
        <HighRange>10</HighRange>
    </ModelType>
    <ModelType>
        <SourceFile>DemoModels\@Ford Transit.pmx</SourceFile>
        <SourceTypeID>34</SourceTypeID>
        <DrawMode>0</DrawMode>
        <Shaddow>true</Shaddow>
        <LowRange>5000</LowRange>
        <MedRange>20</MedRange>
        <HighRange>10</HighRange>
    </ModelType>
    <ModelType>
        <SourceFile>DemoModels\@VW Golf 2P.pmx</SourceFile>
        <SourceTypeID>35</SourceTypeID>
        <DrawMode>0</DrawMode>
        <Shaddow>true</Shaddow>
        <LowRange>5000</LowRange>
        <MedRange>20</MedRange>
        <HighRange>10</HighRange>
    </ModelType>
    <ModelType>
        <SourceFile>DemoModels\@Peugeot 206 4P.pmx</SourceFile>
        <SourceTypeID>36</SourceTypeID>
        <DrawMode>0</DrawMode>
        <Shaddow>true</Shaddow>
        <LowRange>5000</LowRange>
        <MedRange>20</MedRange>
        <HighRange>10</HighRange>
    </ModelType>
    <ModelType>
        <SourceFile>DemoModels\HOMBRE1.pmx</SourceFile>
        <SourceTypeID>37</SourceTypeID>
        <DrawMode>0</DrawMode>
        <Shaddow>true</Shaddow>
        <LowRange>5000</LowRange>
        <MedRange>20</MedRange>
        <HighRange>10</HighRange>
    </ModelType>
    <ModelType>
        <SourceFile>DemoModels\HOMBRE2.pmx</SourceFile>
        <SourceTypeID>38</SourceTypeID>
        <DrawMode>0</DrawMode>
        <Shaddow>true</Shaddow>
        <LowRange>5000</LowRange>
        <MedRange>20</MedRange>
        <HighRange>10</HighRange>
    </ModelType>
    <ModelType>
        <SourceFile>DemoModels\HOMBRE3.pmx</SourceFile>
        <SourceTypeID>39</SourceTypeID>
        <DrawMode>0</DrawMode>
        <Shaddow>true</Shaddow>
        <LowRange>5000</LowRange>
        <MedRange>20</MedRange>
        <HighRange>10</HighRange>
    </ModelType>
    <ModelType>
        <SourceFile>DemoModels\MUJER1.pmx</SourceFile>
        <SourceTypeID>40</SourceTypeID>
        <DrawMode>0</DrawMode>
        <Shaddow>true</Shaddow>
        <LowRange>5000</LowRange>
        <MedRange>20</MedRange>
        <HighRange>10</HighRange>
    </ModelType>
    <ModelType>
        <SourceFile>DemoModels\MUJER2.pmx</SourceFile>
        <SourceTypeID>41</SourceTypeID>
        <DrawMode>0</DrawMode>
        <Shaddow>true</Shaddow>
        <LowRange>5000</LowRange>
        <MedRange>20</MedRange>
        <HighRange>10</HighRange>
    </ModelType>
    <ModelType>
        <SourceFile>DemoModels\@MiniCouper.pmx</SourceFile>
        <SourceTypeID>42</SourceTypeID>
        <DrawMode>0</DrawMode>
        <Shaddow>true</Shaddow>
        <LowRange>5000</LowRange>
        <MedRange>20</MedRange>
        <HighRange>10</HighRange>
    </ModelType>
    <ModelType>
        <SourceFile>DemoModels\@Corsa 2P.pmx</SourceFile>
        <SourceTypeID>43</SourceTypeID>
        <DrawMode>0</DrawMode>
        <Shaddow>true</Shaddow>
        <LowRange>5000</LowRange>
        <MedRange>20</MedRange>
        <HighRange>10</HighRange>
    </ModelType>
    <ModelType>
        <SourceFile>DemoModels\@Clio 4P.pmx</SourceFile>
        <SourceTypeID>44</SourceTypeID>
        <DrawMode>0</DrawMode>
        <Shaddow>true</Shaddow>
        <LowRange>5000</LowRange>
        <MedRange>20</MedRange>
        <HighRange>10</HighRange>
    </ModelType>
    <ModelType>
        <SourceFile>DemoModels\@Fiat Uno.pmx</SourceFile>
        <SourceTypeID>45</SourceTypeID>
        <DrawMode>0</DrawMode>
        <Shaddow>true</Shaddow>
        <LowRange>5000</LowRange>
        <MedRange>20</MedRange>
        <HighRange>10</HighRange>
    </ModelType>
    <ModelType>
        <SourceFile>DemoModels\@Chrysler.pmx</SourceFile>
        <SourceTypeID>46</SourceTypeID>
        <DrawMode>0</DrawMode>
        <Shaddow>true</Shaddow>
        <LowRange>5000</LowRange>
        <MedRange>20</MedRange>
        <HighRange>10</HighRange>
    </ModelType>
    <ModelType>
        <SourceFile>DemoModels\154.pmx</SourceFile>
        <SourceTypeID>47</SourceTypeID>
        <DrawMode>0</DrawMode>
        <Shaddow>true</Shaddow>
        <LowRange>5000</LowRange>
        <MedRange>20</MedRange>
        <HighRange>10</HighRange>
    </ModelType>
    <ModelType>
        <SourceFile>DemoModels\195.pmx</SourceFile>
        <SourceTypeID>48</SourceTypeID>
        <DrawMode>0</DrawMode>
        <Shaddow>true</Shaddow>
        <LowRange>5000</LowRange>
        <MedRange>20</MedRange>
        <HighRange>10</HighRange>
    </ModelType>
    <ModelType>
        <SourceFile>DemoModels\Costera.pmx</SourceFile>
        <SourceTypeID>49</SourceTypeID>
        <DrawMode>0</DrawMode>
        <Shaddow>true</Shaddow>
        <LowRange>5000</LowRange>
        <MedRange>20</MedRange>
        <HighRange>10</HighRange>
    </ModelType>
    <ModelType>
        <SourceFile>DemoModels\35.pmx</SourceFile>
        <SourceTypeID>50</SourceTypeID>
        <DrawMode>0</DrawMode>
        <Shaddow>true</Shaddow>
        <LowRange>5000</LowRange>
        <MedRange>20</MedRange>
        <HighRange>10</HighRange>
    </ModelType>
    <VehicleType>
        <VTypeID>1</VTypeID>
        <SourceType>2</SourceType>
    </VehicleType>
    <VehicleType>
        <VTypeID>10</VTypeID>
        <SourceType>3</SourceType>
    </VehicleType>
    <VehicleType>
        <VTypeID>100</VTypeID>
        <SourceType>4</SourceType>
    </VehicleType>
    <VehicleType>
        <VTypeID>101</VTypeID>
        <SourceType>5</SourceType>
    </VehicleType>
    <VehicleType>
        <VTypeID>102</VTypeID>
        <SourceType>6</SourceType>
    </VehicleType>
    <VehicleType>
        <VTypeID>103</VTypeID>
        <SourceType>7</SourceType>
    </VehicleType>
    <VehicleType>
        <VTypeID>104</VTypeID>
        <SourceType>8</SourceType>
    </VehicleType>
    <VehicleType>
        <VTypeID>105</VTypeID>
        <SourceType>9</SourceType>
    </VehicleType>
    <VehicleType>
        <VTypeID>106</VTypeID>
        <SourceType>10</SourceType>
    </VehicleType>
    <VehicleType>
        <VTypeID>107</VTypeID>
        <SourceType>11</SourceType>
    </VehicleType>
    <VehicleType>
        <VTypeID>108</VTypeID>
        <SourceType>12</SourceType>
    </VehicleType>
    <VehicleType>
        <VTypeID>109</VTypeID>
        <SourceType>13</SourceType>
    </VehicleType>
    <VehicleType>
        <VTypeID>110</VTypeID>
        <SourceType>14</SourceType>
    </VehicleType>
    <VehicleType>
        <VTypeID>111</VTypeID>
        <SourceType>15</SourceType>
    </VehicleType>
    <VehicleType>
        <VTypeID>112</VTypeID>
        <SourceType>16</SourceType>
    </VehicleType>
    <VehicleType>
        <VTypeID>113</VTypeID>
        <SourceType>17</SourceType>
    </VehicleType>
    <VehicleType>
        <VTypeID>114</VTypeID>
        <SourceType>18</SourceType>
    </VehicleType>
    <VehicleType>
        <VTypeID>115</VTypeID>
        <SourceType>15</SourceType>
    </VehicleType>
    <VehicleType>
        <VTypeID>116</VTypeID>
        <SourceType>19</SourceType>
    </VehicleType>
    <VehicleType>
        <VTypeID>117</VTypeID>
        <SourceType>20</SourceType>
    </VehicleType>
    <VehicleType>
        <VTypeID>118</VTypeID>
        <SourceType>21</SourceType>
    </VehicleType>
    <VehicleType>
        <VTypeID>119</VTypeID>
        <SourceType>22</SourceType>
    </VehicleType>
    <VehicleType>
        <VTypeID>12</VTypeID>
        <SourceType>23</SourceType>
    </VehicleType>
    <VehicleType>
        <VTypeID>120</VTypeID>
        <SourceType>24</SourceType>
    </VehicleType>
    <VehicleType>
        <VTypeID>121</VTypeID>
        <SourceType>25</SourceType>
    </VehicleType>
    <VehicleType>
        <VTypeID>122</VTypeID>
        <SourceType>26</SourceType>
    </VehicleType>
    <VehicleType>
        <VTypeID>123</VTypeID>
        <SourceType>27</SourceType>
    </VehicleType>
    <VehicleType>
        <VTypeID>124</VTypeID>
        <SourceType>28</SourceType>
    </VehicleType>
    <VehicleType>
        <VTypeID>125</VTypeID>
        <SourceType>29</SourceType>
    </VehicleType>
    <VehicleType>
        <VTypeID>126</VTypeID>
        <SourceType>30</SourceType>
    </VehicleType>
    <VehicleType>
        <VTypeID>127</VTypeID>
        <SourceType>31</SourceType>
    </VehicleType>
    <VehicleType>
        <VTypeID>128</VTypeID>
        <SourceType>32</SourceType>
    </VehicleType>
    <VehicleType>
        <VTypeID>13</VTypeID>
        <SourceType>33</SourceType>
    </VehicleType>
    <VehicleType>
        <VTypeID>14</VTypeID>
        <SourceType>33</SourceType>
    </VehicleType>
    <VehicleType>
        <VTypeID>15</VTypeID>
        <SourceType>34</SourceType>
    </VehicleType>
    <VehicleType>
        <VTypeID>2</VTypeID>
        <SourceType>35</SourceType>
    </VehicleType>
    <VehicleType>
        <VTypeID>3</VTypeID>
        <SourceType>36</SourceType>
    </VehicleType>
    <VehicleType>
        <VTypeID>30</VTypeID>
        <SourceType>37</SourceType>
    </VehicleType>
    <VehicleType>
        <VTypeID>31</VTypeID>
        <SourceType>38</SourceType>
    </VehicleType>
    <VehicleType>
        <VTypeID>32</VTypeID>
        <SourceType>39</SourceType>
    </VehicleType>
    <VehicleType>
        <VTypeID>33</VTypeID>
        <SourceType>40</SourceType>
    </VehicleType>
    <VehicleType>
        <VTypeID>34</VTypeID>
        <SourceType>41</SourceType>
    </VehicleType>
    <VehicleType>
        <VTypeID>4</VTypeID>
        <SourceType>42</SourceType>
    </VehicleType>
    <VehicleType>
        <VTypeID>5</VTypeID>
        <SourceType>43</SourceType>
    </VehicleType>
    <VehicleType>
        <VTypeID>6</VTypeID>
        <SourceType>44</SourceType>
    </VehicleType>
    <VehicleType>
        <VTypeID>7</VTypeID>
        <SourceType>45</SourceType>
    </VehicleType>
    <VehicleType>
        <VTypeID>8</VTypeID>
        <SourceType>46</SourceType>
    </VehicleType>
    <VehicleType>
        <VTypeID>9</VTypeID>
        <SourceType>3</SourceType>
    </VehicleType>
    <VehicleType>
        <VTypeID>90</VTypeID>
        <SourceType>3</SourceType>
    </VehicleType>
    <VehicleType>
        <VTypeID>91</VTypeID>
        <SourceType>3</SourceType>
    </VehicleType>
    <VehicleType>
        <VTypeID>95</VTypeID>
        <SourceType>47</SourceType>
    </VehicleType>
    <VehicleType>
        <VTypeID>96</VTypeID>
        <SourceType>26</SourceType>
    </VehicleType>
    <VehicleType>
        <VTypeID>97</VTypeID>
        <SourceType>48</SourceType>
    </VehicleType>
    <VehicleType>
        <VTypeID>98</VTypeID>
        <SourceType>49</SourceType>
    </VehicleType>
    <VehicleType>
        <VTypeID>99</VTypeID>
        <SourceType>50</SourceType>
    </VehicleType>
    <VehicleType>
        <VTypeID>100</VTypeID>
        <SourceType>-1</SourceType>
    </VehicleType>
    <VehicleType>
        <VTypeID>101</VTypeID>
        <SourceType>-1</SourceType>
    </VehicleType>
    <VehicleType>
        <VTypeID>102</VTypeID>
        <SourceType>-1</SourceType>
    </VehicleType>
    <VehicleType>
        <VTypeID>108</VTypeID>
        <SourceType>-1</SourceType>
    </VehicleType>
    <VehicleType>
        <VTypeID>110</VTypeID>
        <SourceType>-1</SourceType>
    </VehicleType>
    <VehicleType>
        <VTypeID>111</VTypeID>
        <SourceType>-1</SourceType>
    </VehicleType>
    <VehicleType>
        <VTypeID>112</VTypeID>
        <SourceType>-1</SourceType>
    </VehicleType>
    <VehicleType>
        <VTypeID>90</VTypeID>
        <SourceType>-1</SourceType>
    </VehicleType>
    <VehicleType>
        <VTypeID>98</VTypeID>
        <SourceType>-1</SourceType>
    </VehicleType>
    <VehicleType>
        <VTypeID>99</VTypeID>
        <SourceType>-1</SourceType>
    </VehicleType>
    <VehicleType>
        <VTypeID>100</VTypeID>
        <SourceType>-1</SourceType>
    </VehicleType>
    <Layer>
        <LayerName>Imported</LayerName>
        <Item>
            <SourceType>1</SourceType>
            <Visible>true</Visible>
            <Xpos>4384.94</Xpos>
            <Ypos>997.78</Ypos>
            <Zpos>0.00</Zpos>
            <XRot>0</XRot>
            <YRot>0</YRot>
            <ZRot>0</ZRot>
            <XScale>1</XScale>
            <YScale>1</YScale>
            <ZScale>1</ZScale>
        </Item>
    </Layer>
</PmxModels>
