<?xml version="1.0" encoding="UTF-8"?>
<PresetViews>
    <NewView dx="289.023" dy="179.904" ex="12579.6" ey="658.676" is3D="1" rDist="767.038" sx="12290.5" sy="478.772" viewAngle="-3.04506" xFocal="12435" yFocal="568.724" zHeight="289.023">overview</NewView>
    <NewView dx="48.5703" dy="30.2333" ex="12469.4" ey="627.692" is3D="1" rDist="117.757" sx="12420.8" sy="597.459" viewAngle="3.13556" xFocal="12445.1" yFocal="612.575" zHeight="48.5708">2</NewView>
    <NewView dx="29.082" dy="18.1018" ex="12521.6" ey="620.166" is3D="1" rDist="157.942" sx="12492.6" sy="602.064" viewAngle="1.61718" xFocal="12507.1" yFocal="611.115" zHeight="29.0811">3</NewView>
    <NewView dx="29.082" dy="18.1018" ex="12547.8" ey="607.145" is3D="1" rDist="166.554" sx="12518.8" sy="589.043" viewAngle="2.32569" xFocal="12533.3" yFocal="598.094" zHeight="29.0811">4</NewView>
    <NewView dx="29.082" dy="18.1018" ex="12542.2" ey="609.954" is3D="1" rDist="302.813" sx="12513.1" sy="591.852" viewAngle="-3.01514" xFocal="12527.6" yFocal="600.903" zHeight="29.0811">5</NewView>
    <NewView dx="20.9531" dy="13.0426" ex="12515.4" ey="662.844" is3D="1" rDist="233.88" sx="12494.5" sy="649.802" viewAngle="-3.03685" xFocal="12504.9" yFocal="656.323" zHeight="20.9535">6</NewView>
    <NewView dx="20.9531" dy="13.0426" ex="12319.1" ey="953.1" is3D="1" rDist="236.534" sx="12298.1" sy="940.057" viewAngle="1.43594" xFocal="12308.6" yFocal="946.578" zHeight="20.9535">7</NewView>
    <NewView dx="20.9531" dy="13.0426" ex="12337" ey="837.231" is3D="1" rDist="153.841" sx="12316.1" sy="824.189" viewAngle="3.10527" xFocal="12326.5" yFocal="830.71" zHeight="20.9535">8</NewView>
    <NewView dx="20.9531" dy="13.0426" ex="12361.1" ey="665.571" is3D="1" rDist="119.833" sx="12340.1" sy="652.529" viewAngle="-2.7691" xFocal="12350.6" yFocal="659.05" zHeight="20.9535">9</NewView>
    <NewView dx="9.39062" dy="5.84485" ex="12378.5" ey="693.879" is3D="1" rDist="106.222" sx="12369.1" sy="688.034" viewAngle="-1.41273" xFocal="12373.8" yFocal="690.957" zHeight="9.38987">10</NewView>
    <NewView dx="9.39062" dy="5.84485" ex="12422.8" ey="642.834" is3D="1" rDist="105.672" sx="12413.4" sy="636.989" viewAngle="-1.60203" xFocal="12418.1" yFocal="639.912" zHeight="9.38987">11</NewView>
    <NewView dx="2.74219" dy="1.70667" ex="12408.7" ey="585.932" is3D="1" rDist="105.672" sx="12406" sy="584.225" viewAngle="-1.60203" xFocal="12407.3" yFocal="585.078" zHeight="2.74174">12</NewView>
    <NewView dx="2.74219" dy="1.70667" ex="12446.1" ey="598.173" is3D="1" rDist="105.672" sx="12443.3" sy="596.466" viewAngle="-1.60203" xFocal="12444.7" yFocal="597.319" zHeight="2.74174">13</NewView>
    <NewView dx="15.1035" dy="9.40173" ex="12458" ey="599.194" is3D="1" rDist="99.3191" sx="12442.9" sy="589.792" viewAngle="-2.96518" xFocal="12450.4" yFocal="594.493" zHeight="15.1042">14</NewView>
</PresetViews>
